{
  "components/DMCFlossMatch.tsx": 1774368473.8384838,
  "components/FullScreenOverlay.tsx": 1774042280.628228,
  "components/ResizableSidebar.tsx": 1773958382.726396,
  "components/ImageCanvas.tsx": 1775153322.5312538,
  "components/ColorDeckPanel.tsx": 1774325224.36108,
  "components/ProjectLayout.tsx": 1775149042.8969965,
  "components/PaletteSelector.tsx": 1773958382.7249148,
  "components/SessionPaletteStrip.tsx": 1774365686.0472767,
  "components/WorkbenchModeRail.tsx": 1774401514.611298,
  "components/MobileNavigation.tsx": 1774401539.9351606,
  "components/ColorHarmonies.tsx": 1773958382.7224658,
  "components/ProjectGallery.tsx": 1775151041.3486254,
  "components/MobileDashboard.tsx": 1774373288.9654813,
  "components/ValueCompareCanvas.tsx": 1773958382.728205,
  "components/CanvasSettingsModal.tsx": 1774042366.1109092,
  "components/PhotoshopColorWheel.tsx": 1773958382.7251046,
  "components/TauriPersistence.tsx": 1775153358.6786845,
  "components/BrandSelector.tsx": 1773958382.7210846,
  "components/Wordmark.tsx": 1773958382.7284207,
  "components/ShoppingListPanel.tsx": 1773958382.7272356,
  "components/SimpleAdvancedToggle.tsx": 1774043122.1524525,
  "components/ValueChromaGraph.tsx": 1773958382.7280543,
  "components/ColorCardPreview.tsx": 1774112321.0534604,
  "components/ColorCardModal.tsx": 1774325224.3608577,
  "components/CardMetadataFields.tsx": 1774050943.4330323,
  "components/CheckMyDrawingView.tsx": 1773958382.721795,
  "components/MobileHeader.tsx": 1774373288.9663293,
  "components/MixLab.tsx": 1773958382.7239325,
  "components/LicenseActivation.tsx": 1775150183.9625573,
  "components/PaintRecipe.tsx": 1774373322.1991992,
  "components/CheckMyValuesView.tsx": 1773958382.7220247,
  "components/MyCardsPanel.tsx": 1774044615.031679,
  "components/SharePaletteButton.tsx": 1774295847.9414427,
  "components/PaletteManager.tsx": 1774325224.3633082,
  "components/AISuggestions.tsx": 1774295874.6907294,
  "components/CameraView.tsx": 1773958382.7213602,
  "components/ARCanvas.tsx": 1775153330.309313,
  "components/PinnedColorsPanel.tsx": 1773958382.7252839,
  "components/StoreBootstrap.tsx": 1774043272.511333,
  "components/ValueHistogram.tsx": 1773958382.7283099,
  "components/AppHeader.tsx": 1774201292.545397,
  "components/ColorNamingDisplay.tsx": 1774325224.3613722,
  "components/DebugOverlay.tsx": 1773958382.723135,
  "components/CompactToolbar.tsx": 1774401547.7312756,
  "components/PricingModal.tsx": 1774201292.5434737,
  "components/UpgradeModal.tsx": 1774201292.5445697,
  "components/ColorPanel.tsx": 1774400973.8752449,
  "components/CurrentColorBadge.tsx": 1774384495.6466856,
  "components/ProcessSlider.tsx": 1773958382.7259622,
  "components/HighlightControls.tsx": 1774365589.6752427,
  "components/RulerOverlay.tsx": 1773958382.7266495,
  "components/CalibrationModal.tsx": 1774042552.5414271,
  "components/FeatureGate.tsx": 1774201511.3086336,
  "components/CanvasHUD.tsx": 1774368554.5110607,
  "components/ProFeatureSection.tsx": 1774201530.72142,
  "components/ProFeaturesShowcase.tsx": 1773958382.725878,
  "components/UploadHero.tsx": 1774384497.828558,
  "components/ReferenceImageUploader.tsx": 1775153343.9853876,
  "components/TubeSelector.tsx": 1773958382.7275283,
  "components/UpgradePrompt.tsx": 1774201292.5450714,
  "components/CollapsibleSidebar.tsx": 1774401524.5516295,
  "components/ProjectProvider.tsx": 1775149060.414105,
  "components/CanvasSection.tsx": 1773958382.7215476,
  "components/TauriAppShell.tsx": 1775169504.9078393,
  "components/ErrorBoundary.tsx": 1773958382.723217,
  "components/workbenchIcons.tsx": 1774404950.1263528,
  "components/ProcreateExportButton.tsx": 1774384453.302167,
  "components/tabs/SurfaceTab.tsx": 1775153339.7338173,
  "components/tabs/OilPaintTab.tsx": 1774049323.2421021,
  "components/tabs/OilMixTab.tsx": 1774368473.841275,
  "components/tabs/StructureTab.tsx": 1774368473.8406014,
  "components/tabs/PaletteTab.tsx": 1774115121.0108716,
  "components/tabs/PaintLibraryTab.tsx": 1774115119.4251876,
  "components/tabs/SampleTab.tsx": 1774401220.7324426,
  "components/tabs/ReferenceTab.tsx": 1775153335.6740997,
  "components/tabs/MatchesTab.tsx": 1774368473.8389578,
  "components/tabs/ColorWheelTab.tsx": 1774049413.3935857,
  "components/tabs/AdvancedTab.tsx": 1773958382.733048,
  "components/tabs/CheckMyValuesTab.tsx": 1774115117.419239,
  "components/paint/MixedColorPreview.tsx": 1774371135.6952987,
  "components/paint/SavePaletteModal.tsx": 1773958382.7328467,
  "components/paint/PaletteSwitcher.tsx": 1773958382.7324622,
  "components/paint/PaletteIndicator.tsx": 1773958382.732339,
  "components/paint/PuddleRecipeDisplay.tsx": 1774373288.9659336,
  "components/paint/PaintPuddle.tsx": 1774325224.3637154,
  "components/ui/SkeletonLoader.tsx": 1773958382.7349794,
  "components/ui/CollapsibleSection.tsx": 1773958382.7347167,
  "components/ui/ProgressBar.tsx": 1773958382.73489,
  "components/ui/OpacitySlider.tsx": 1773958382.7348073,
  "components/ui/index.ts": 1774042498.707859,
  "components/ui/Spinner.tsx": 1773958382.7350552,
  "components/ui/Overlay.tsx": 1774111996.8127563,
  "components/drawing/RotationHandle.tsx": 1774115112.748319,
  "components/drawing/TransformHandles.tsx": 1774115116.2235115,
  "components/drawing/DrawingControlPanel.tsx": 1773958382.7310421,
  "components/drawing/CanvasImage.tsx": 1774296421.5699017,
  "components/drawing/InfiniteCanvas.tsx": 1773958382.7312138,
  "components/canvas/GridControlsPanel.tsx": 1773958382.7285993,
  "components/canvas/ImageDropzone.tsx": 1774114779.8551142,
  "components/canvas/NavigatorMinimap.tsx": 1774296413.0545814,
  "components/canvas/ZoomControlsBar.tsx": 1774365138.808058,
  "components/canvas/index.ts": 1773958382.7291076,
  "components/ImageCanvas/CanvasRenderer.ts": 1774325224.3620002,
  "components/ImageCanvas/ColorSampler.ts": 1774316644.0363965,
  "components/ImageCanvas/ZoomController.ts": 1774316745.0417974,
  "components/ImageCanvas/PanHandler.ts": 1774316747.6068919,
  "components/ImageCanvas/types.ts": 1774316306.7420595,
  "components/ImageCanvas/ValueOverlay.tsx": 1774316388.3174465,
  "components/ImageCanvas/HighlightOverlay.tsx": 1774316392.7572048,
  "components/color-theory/SaturationValuePanel.tsx": 1773958382.730438,
  "components/color-theory/ColorTheoryCanvas.tsx": 1773958382.7295952,
  "components/color-theory/HeroColorCard.tsx": 1773958382.7298808,
  "components/color-theory/ChromaMap.tsx": 1773958382.7293067,
  "components/color-theory/ValueChromaMap.tsx": 1773958382.7306445,
  "components/color-theory/ColorWheelDisplay.tsx": 1773958382.729778,
  "components/color-theory/ColorAnalysisPanel.tsx": 1773958382.7294238,
  "components/color-theory/MixAdjustmentGuide.tsx": 1773958382.7300644,
  "components/color-theory/MixLadders.tsx": 1773958382.730202,
  "components/errors/SidebarErrorFallback.tsx": 1773958382.731934,
  "components/errors/CanvasErrorFallback.tsx": 1773958382.731721,
  "components/errors/index.ts": 1773958382.7320132,
  "components/errors/RecipeSolverErrorFallback.tsx": 1773958382.7318292
}